<?xml version="1.0" encoding="UTF-8"?>
<project-private xmlns="http://www.netbeans.org/ns/project-private/1">
    <editor-bookmarks xmlns="http://www.netbeans.org/ns/editor-bookmarks/2" lastBookmarkId="0"/>
    <open-files xmlns="http://www.netbeans.org/ns/projectui-open-files/2">
        <group>
            <file>file:/C:/Users/JUAN/OneDrive/Escritorio/Avance2Estructura/Avance2Estructura/src/prototipo_grupo4/GrafoEquipos.java</file>
            <file>file:/C:/Users/JUAN/OneDrive/Escritorio/Avance2Estructura/Avance2Estructura/src/prototipo_grupo4/ListaDobleEnlazada.java</file>
            <file>file:/C:/Users/JUAN/OneDrive/Escritorio/Avance2Estructura/Avance2Estructura/src/prototipo_grupo4/ListaEnlazadaSimple.java</file>
            <file>file:/C:/Users/JUAN/OneDrive/Escritorio/Avance2Estructura/Avance2Estructura/src/prototipo_grupo4/ArbolClasificacion.java</file>
        </group>
    </open-files>
</project-private>
