<?xml version="1.0" encoding="UTF-8"?>
<project-private xmlns="http://www.netbeans.org/ns/project-private/1">
    <editor-bookmarks xmlns="http://www.netbeans.org/ns/editor-bookmarks/2" lastBookmarkId="0"/>
    <open-files xmlns="http://www.netbeans.org/ns/projectui-open-files/2">
        <group>
            <file>file:/C:/Users/alext/OneDrive/Documentos/NetBeansProjects/Avance2Estructura/src/prototipo_grupo4/Prototipo_Grupo4.java</file>
            <file>file:/C:/Users/alext/OneDrive/Documentos/NetBeansProjects/Avance2Estructura/src/frame/ConsultaParticipante.java</file>
            <file>file:/C:/Users/alext/OneDrive/Documentos/NetBeansProjects/Avance2Estructura/src/frame/ConsultaResultados.java</file>
            <file>file:/C:/Users/alext/OneDrive/Documentos/NetBeansProjects/Avance2Estructura/src/frame/RegistrosDeParticipantes.java</file>
            <file>file:/C:/Users/alext/OneDrive/Documentos/NetBeansProjects/Avance2Estructura/src/prototipo_grupo4/ListaEnlazadaSimple.java</file>
            <file>file:/C:/Users/alext/OneDrive/Documentos/NetBeansProjects/Avance2Estructura/src/frame/Resultados.java</file>
            <file>file:/C:/Users/alext/OneDrive/Documentos/NetBeansProjects/Avance2Estructura/src/frame/ConsultasEventos.java</file>
            <file>file:/C:/Users/alext/OneDrive/Documentos/NetBeansProjects/Avance2Estructura/src/frame/ConsultaParticipantes.java</file>
            <file>file:/C:/Users/alext/OneDrive/Documentos/NetBeansProjects/Avance2Estructura/src/frame/index.java</file>
            <file>file:/C:/Users/alext/OneDrive/Documentos/NetBeansProjects/Avance2Estructura/src/frame/Administracion.java</file>
            <file>file:/C:/Users/alext/OneDrive/Documentos/NetBeansProjects/Avance2Estructura/src/frame/ResultadosPartidos.java</file>
            <file>file:/C:/Users/alext/OneDrive/Documentos/NetBeansProjects/Avance2Estructura/src/prototipo_grupo4/ArbolClasificacion.java</file>
            <file>file:/C:/Users/alext/OneDrive/Documentos/NetBeansProjects/Avance2Estructura/src/prototipo_grupo4/NodoGrafoEquipo.java</file>
            <file>file:/C:/Users/alext/OneDrive/Documentos/NetBeansProjects/Avance2Estructura/src/prototipo_grupo4/NodoEvento.java</file>
            <file>file:/C:/Users/alext/OneDrive/Documentos/NetBeansProjects/Avance2Estructura/src/prototipo_grupo4/Evento.java</file>
            <file>file:/C:/Users/alext/OneDrive/Documentos/NetBeansProjects/Avance2Estructura/src/prototipo_grupo4/NodoEquipo.java</file>
            <file>file:/C:/Users/alext/OneDrive/Documentos/NetBeansProjects/Avance2Estructura/src/prototipo_grupo4/ListaDobleEnlazada.java</file>
            <file>file:/C:/Users/alext/OneDrive/Documentos/NetBeansProjects/Avance2Estructura/src/frame/ProgramacionCalendario.java</file>
            <file>file:/C:/Users/alext/OneDrive/Documentos/NetBeansProjects/Avance2Estructura/src/frame/Participantes.java</file>
            <file>file:/C:/Users/alext/OneDrive/Documentos/NetBeansProjects/Avance2Estructura/src/frame/Busqueda.java</file>
            <file>file:/C:/Users/alext/OneDrive/Documentos/NetBeansProjects/Avance2Estructura/src/prototipo_grupo4/GrafoEquipos.java</file>
        </group>
    </open-files>
</project-private>
